{"cameraMode":{"drawMode":0,"name":"Shaded","section":"Shading Mode"},"sceneLighting":false,"audioPlay":false,"sceneViewState":{"m_AlwaysRefresh":false,"showFog":true,"showSkybox":false,"showFlares":true,"showImageEffects":true,"showParticleSystems":true,"showVisualEffectGraphs":true,"m_FxEnabled":true},"in2DMode":false,"pivot":{"x":-0.009999990463256836,"y":37.657501220703128,"z":-1.1724998950958253},"rotation":{"x":-0.010084418579936028,"y":0.1434910148382187,"z":0.0014617748092859984,"w":0.9896012544631958},"size":4.357932090759277,"orthographic":false}